site,country,label,n,n_positive,pi_s,pi_t_true,pi_t_bbse,prior_ratio,total,d_label,d_concept,interaction,residual,label_shift_share,label_shift_share_bbse,free_fraction,free_fraction_bbse,realized_gain,realized_gain_bbse,ece_before,ece_after_prior_fix,ece_l1,d_label_l1,d_concept_l1,sign_agreement,gamma_min,gof_p,concept_shift_detected,bbse_degenerate,prior_ratio_implausible,bbse_sigma_min,bbse_trustworthy,reliable_estimate
georgia_like,US,AF,5000,474,0.12160493827160494,0.0948,0.1083207610664211,0.7795736040609137,0.0001678049658811926,0.0004571474517858519,0.00032063894824860197,-0.0006099814341532612,-5.421010862427522e-20,1.0,0.6318802786729819,1.0,0.6318802786729819,-0.003869907392575259,0.03173634216024911,0.01278266028838918,0.012832127999935996,0.01278266028838918,0.01432029930726952,0.012832127999935996,0.6668000000000001,0.1391573292402149,0.003992015968063872,True,False,False,0.06799145615477863,False,True
georgia_like,US,IAVB,5000,337,0.07530864197530865,0.0674,0.12382731890744206,0.894983606557377,0.0008811889332908496,8.551679787574843e-05,0.0005383741727751047,0.00025729796263999666,-1.0842021724855044e-19,0.09704706294526548,1.0,0.09704706294526548,1.0,0.15854885580474043,-1.444382334682577,0.024933086774424393,0.0209799743946591,0.024933086774424393,0.007999786894649153,0.0209799743946591,0.5334000000000001,0.10746956521739136,0.06387225548902195,False,False,False,0.014823404671683702,True,True
georgia_like,US,RBBB,5000,297,0.07037037037037037,0.0594,0.0812191053644045,0.8441052631578947,-1.9161676256341244e-05,1.7476410425227034e-21,-1.9161676321040314e-05,6.469906371430494e-14,3.3881317890172014e-21,,,,,,,0.00020000006519100224,0.00020000005438626154,0.00020000006519100224,1.0804740702141657e-11,0.00020000005438626154,1.0,0.09492307692307696,0.05588822355289421,False,False,False,0.06868348199411263,True,True
georgia_like,US,LBBB,5000,126,0.03271604938271605,0.0252,0.028357972762701026,0.7702641509433962,-4.71273668878459e-05,9.569003679249871e-21,-4.7127366887845847e-05,-5.4181888115015194e-20,-6.776263578034403e-21,,,,,,,4.629532531955966e-11,7.157791527508046e-11,4.629532531955966e-11,2.5282593551469003e-11,7.157791527508046e-11,0.9332,0.1296,0.005988023952095809,True,False,False,0.03255260413504653,False,True
georgia_like,US,SB,5000,384,0.0808641975308642,0.0768,0.10068969165335134,0.9497404580152671,0.0005314978330160241,8.2675052448788e-06,0.0005149247681814046,8.305559589740854e-06,-1.0842021724855044e-19,0.015555106213630682,0.2953846343303542,0.015555106213630682,0.2953846343303542,-0.025956380302383328,-0.09274114090364151,0.008976643452515374,0.009209644623807762,0.008976643452515374,0.001080845722743193,0.009209644623807762,0.9334,0.1270534351145038,0.003992015968063872,True,False,False,0.06288299562501322,False,True
georgia_like,US,STACH,5000,441,0.10123456790123457,0.0882,0.0747924209946546,0.8712439024390244,0.00029061980508251497,3.503363607907213e-05,0.0005254082251473938,-0.00026982205614395094,5.421010862427522e-20,0.1205479993668192,0.5436687811937014,0.1205479993668192,0.5436687811937014,-0.16535624862997483,-0.34430102907713883,0.006387007072010097,0.007443138601410806,0.006387007072010097,0.0020233130511045075,0.007443138601410806,0.8666,0.14779872430900073,0.003992015968063872,True,False,False,0.07156874687662977,False,True
ptbxl_like,DE,AF,5000,410,0.12160493827160494,0.082,0.0,0.6743147208121828,0.0030244037119840994,0.0004019253688105776,0.005491289933807126,-0.0028688115906336034,-8.673617379884035e-19,0.13289408659894233,1.0,0.13289408659894233,1.0,-0.2738688985204647,-1.3205113225117222,0.03533703938632076,0.045014755440026706,0.03533703938632076,0.009716396889665654,0.045014755440026706,0.0666,0.5145900230237912,0.001996007984031936,True,True,True,0.06799145615477863,False,True
ptbxl_like,DE,IAVB,5000,196,0.07530864197530865,0.0392,0.15651056344316444,0.5205245901639344,0.003288504440721747,0.001954546027228779,0.0002563526130308924,0.001077605800462076,0.0,0.5943571196150805,1.0,0.5943571196150805,1.0,0.6867312260460579,-1.8743810566787047,0.041302527543134425,0.012938792164636649,0.041302527543134425,0.03700325226871198,0.012938792164636649,0.5332000000000001,0.10463225806451612,0.10578842315369262,False,False,False,0.014823404671683702,True,True
ptbxl_like,DE,RBBB,5000,276,0.07037037037037037,0.0552,0.3344558906855501,0.7844210526315789,-2.818406011028735e-05,1.7076979093831931e-13,-2.818470099215022e-05,6.407110930790309e-10,3.3881317890172014e-21,,,,,,,0.00020046861977797916,0.0002003618142442523,0.00020046861977797916,1.0680553372686142e-07,0.0002003618142442523,1.0,0.5708923076923076,0.001996007984031936,True,False,False,0.06868348199411263,False,True
ptbxl_like,DE,LBBB,5000,131,0.03271604938271605,0.0262,0.0037562596503187056,0.8008301886792453,-4.781967284301428e-05,2.051455208983634e-13,-4.7819671037705265e-05,-2.010454534336581e-12,0.0,,,,,,,4.5655339209672435e-07,5.736162845776768e-07,4.5655339209672425e-07,1.1706289248098361e-07,5.736162845776767e-07,0.9331999999999998,0.4048571428571429,0.001996007984031936,True,False,False,0.03255260413504653,False,True
ptbxl_like,DE,SB,5000,133,0.0808641975308642,0.0266,0.1583736354730331,0.3289465648854962,0.044508315498675934,0.005195541411145635,0.02536036554465793,0.013952408542872368,6.938893903907228e-18,0.11673192644866992,0.05729166741239197,0.11673192644866992,0.05729166741239197,0.36146692337910774,-0.27334531452976024,0.08005316542431412,0.05111659401162853,0.08005316542431412,0.03026800841763603,0.05111659401162853,0.8666,0.2770015267175572,0.001996007984031936,True,False,False,0.06288299562501322,False,True
ptbxl_like,DE,STACH,5000,173,0.10123456790123457,0.0346,0.0016175563790849002,0.341780487804878,-4.244404955521696e-05,0.000396415396285253,0.00044144216943100444,-0.0008803016152714745,5.421010862427522e-20,,,,,,,0.0010946223455490956,0.0058899850147285755,0.0010946223455490958,0.0054818943338405465,0.0058899850147285755,0.9332,0.48433678242381284,0.001996007984031936,True,False,True,0.07156874687662977,False,True
chapman_like,CN,AF,5000,377,0.12160493827160494,0.0754,0.018342448498823535,0.6200406091370557,0.0005306846952801434,0.0008695969897404563,0.0013265165534492001,-0.0016654288479095133,2.168404344971009e-19,1.0,1.0,1.0,1.0,-0.3977104500768451,-1.472507511073075,0.02235920488621177,0.03125169432486745,0.02235920488621177,0.014919136428439492,0.03125169432486745,0.0,0.4758013814274751,0.001996007984031936,True,False,False,0.06799145615477863,False,True
chapman_like,CN,IAVB,5000,279,0.07530864197530865,0.0558,0.7070940421267774,0.7409508196721311,0.009029178551739715,0.0009944875268426336,0.004358205280984605,0.003676485743912475,1.734723475976807e-18,0.11014152850604762,1.0,0.11014152850604762,1.0,0.2804174788145445,-8.576619558052888,0.06499045844267463,0.046765997939178384,0.06499045844267463,0.025725918704641092,0.046765997939178384,0.5334000000000001,0.3018,0.001996007984031936,True,False,False,0.014823404671683702,False,True
chapman_like,CN,RBBB,5000,415,0.07037037037037037,0.083,0.9091635947415375,1.1794736842105262,0.0027906233760819597,1.6997125599193395e-07,0.002834717317241604,-4.426391241563648e-05,4.336808689942018e-19,6.0907988318572e-05,0.049090852089348956,6.0907988318572e-05,0.049090852089348956,-0.007739339428474922,-0.21971871775886376,0.01945636758143355,0.01960694701419144,0.01945636758143355,0.0001505794327578897,0.01960694701419144,0.0,0.11741538461538464,0.001996007984031936,True,False,False,0.06868348199411263,False,True
chapman_like,CN,LBBB,5000,67,0.03271604938271605,0.0134,0.0,0.40958490566037736,2.1691511682099306e-05,8.77372640063396e-07,3.631733098283678e-05,-1.5503191940800866e-05,-3.3881317890172014e-21,0.04044774070713747,1.0,0.04044774070713747,1.0,,,0.0018967925055717251,0.0021388844144745937,0.0018967925055717251,0.00024209190890286866,0.0021388844144745937,0.9332,1.067027951499681,0.001996007984031936,True,True,True,0.03255260413504653,False,True
chapman_like,CN,SB,5000,806,0.0808641975308642,0.1612,0.0983414016518954,1.993465648854962,0.020723599486560298,0.0020676932989373044,0.015461299987593897,0.003194606200029098,0.0,0.09977481471200253,0.007919947421319344,0.09977481471200253,0.007919947421319344,0.18641543696614063,0.04776450092521629,0.06771678515675258,0.055093331061814285,0.06771678515675258,0.01780077143870609,0.055093331061814285,0.33340000000000003,0.40863957219251335,0.001996007984031936,True,False,False,0.06288299562501322,False,True
chapman_like,CN,STACH,5000,323,0.10123456790123457,0.0646,0.020822791531879527,0.6381219512195122,0.001042607304071767,0.0001772746482662569,0.0020470162720557334,-0.0011816836162502236,2.168404344971009e-19,0.17003012310956758,1.0,0.17003012310956758,1.0,-0.34810019906727724,-1.103236263304379,0.012109042157391212,0.016324202142893145,0.012109042157391208,0.004261330260578861,0.01632420214289314,0.7999999999999998,0.4710194188518781,0.001996007984031936,True,False,False,0.07156874687662977,False,True
code15_like,BR,AF,5000,105,0.12160493827160494,0.021,0.8545774057474198,0.17269035532994925,0.274420508799755,0.07885413213790661,0.08356116336205033,0.11200521329979805,0.0,0.2873478096910263,0.9309988242876303,0.2873478096910263,0.9309988242876303,0.5593453037193712,-1.0291716001850963,0.43479987531153097,0.19159660699825795,0.43479987531153097,0.24320326831327302,0.19159660699825795,1.0,0.26073705583756346,0.2315369261477046,False,False,False,0.06799145615477863,True,True
code15_like,BR,IAVB,5000,93,0.07530864197530865,0.0186,1.0,0.246983606557377,0.02484432840034292,0.015252974877423532,0.0013139358880359243,0.008277417634883466,-3.469446951953614e-18,0.6139419279779363,1.0,0.6139419279779363,1.0,0.8111053969842515,-6.56543149531812,0.12972161609120922,0.024503713174110292,0.12972161609120922,0.10679378682852063,0.024503713174110292,0.8666,0.5143540983606557,0.32934131736526945,False,True,False,0.014823404671683702,False,True
code15_like,BR,RBBB,5000,126,0.07037037037037037,0.0252,0.11027806625267579,0.3581052631578947,-4.095194719421884e-05,9.366077352055731e-08,-3.933724127301962e-05,-1.7083666947197708e-06,0.0,,,,,,,0.0006422756694241886,0.0007213739606268007,0.0006422756694241886,7.909829120261213e-05,0.0007213739606268007,0.9332,0.1062769230769231,0.001996007984031936,True,False,False,0.06868348199411263,False,True
code15_like,BR,LBBB,5000,57,0.03271604938271605,0.0114,0.31224423607667534,0.34845283018867923,-2.8391835510772377e-05,1.271793525864346e-11,-2.83918614714892e-05,1.3242781560662642e-11,3.3881317890172014e-21,,,,,,,1.4015909180243655e-06,4.798761426593175e-07,1.4015909180243655e-06,9.217147753650479e-07,4.798761426593175e-07,1.0,0.6993714285714286,0.001996007984031936,True,False,False,0.03255260413504653,False,True
code15_like,BR,SB,5000,210,0.0808641975308642,0.042,0.0847210775132564,0.5193893129770992,0.0016610770198304042,0.0017319305953743095,0.00039466030832090745,-0.00046551388386481296,2.168404344971009e-19,1.0,0.006370399429829583,1.0,0.006370399429829583,0.2823158920533349,-0.07544326864874988,0.01347031374979842,0.009667430107285777,0.01347031374979842,0.015764845672063047,0.009667430107285777,0.7334,0.43870229007633577,0.001996007984031936,True,False,False,0.06288299562501322,False,True
code15_like,BR,STACH,5000,133,0.10123456790123457,0.0266,0.0,0.26275609756097557,0.0013487676731761104,0.0006663230772109618,0.003943412409348024,-0.0032609678133828754,6.505213034913027e-19,0.4940236116735274,1.0,0.4940236116735274,1.0,-0.6581051160518385,-1.692193435002464,0.009880419309460077,0.016382773805753127,0.009880419309460077,0.0068386307968220416,0.016382773805753127,0.9332,0.5167058823529412,0.001996007984031936,True,True,True,0.07156874687662977,False,True
korea_like,KR,AF,5000,24,0.12160493827160494,0.0048,0.0,0.039472081218274106,0.0008300837863843333,0.0015630454266679045,0.0001124054764338911,-0.0008453671167174621,-2.168404344971009e-19,1.0,1.0,1.0,1.0,0.7505158003561412,0.6955790781613282,0.015767641629256233,0.003933777452146181,0.015767641629256233,0.019451440996463298,0.003933777452146181,0.6666000000000001,0.5776674631061138,0.001996007984031936,True,True,True,0.06799145615477863,False,False
korea_like,KR,IAVB,5000,53,0.07530864197530865,0.0106,0.05728223849351613,0.14075409836065572,0.006146183704595988,0.005637078547621709,2.2149067341740915e-05,0.0004869560896325383,0.0,0.9171672729870438,0.06540049630841185,0.9171672729870438,0.06540049630841185,0.9102747658582976,0.27176828170353856,0.0635066398830755,0.00569814813306173,0.0635066398830755,0.06332018105191332,0.00569814813306173,0.5334000000000001,0.1675636363636363,0.001996007984031936,True,False,False,0.014823404671683702,False,True
korea_like,KR,RBBB,5000,109,0.07037037037037037,0.0218,0.14619517004973376,0.3097894736842105,-4.410098721475967e-05,2.1104596652857106e-121,-4.410098721475967e-05,1.7611732799314257e-121,0.0,,,,,,,1.680241635891854e-61,4.946758376434187e-62,1.680241635891854e-61,1.1855657982484354e-61,4.946758376434187e-62,1.0,0.6247384615384616,0.001996007984031936,True,False,False,0.06868348199411263,False,True
korea_like,KR,LBBB,5000,6,0.03271604938271605,0.0012,0.0,0.036679245283018864,-3.538868209526892e-06,2.752884318367915e-20,-3.5388682095268645e-06,-5.521063920759483e-20,0.0,,,,,,,1.1913019744219738e-13,4.300183910542213e-11,1.1913019744219738e-13,4.2882708940235966e-11,4.300183910542213e-11,0.9332,0.45589891512444153,0.001996007984031936,True,True,True,0.03255260413504653,False,False
korea_like,KR,SB,5000,580,0.0808641975308642,0.116,0.30928566893797205,1.4345038167938933,0.014475887793407433,0.001097253118995886,0.021239699176593983,-0.007861064502182429,-6.938893903907228e-18,0.07579867533206452,1.0,0.07579867533206452,1.0,-0.290291285542049,-1.2506566876553804,0.059114832392122854,0.07627535308183496,0.059114832392122854,0.017160520689712102,0.07627535308183496,0.0,0.7108100840336135,0.001996007984031936,True,False,False,0.06288299562501322,False,True
korea_like,KR,STACH,5000,51,0.10123456790123457,0.0102,0.0,0.10075609756097562,-1.7262148202182766e-05,4.076923351621642e-05,6.113145271802917e-05,-0.00011916283443642836,-1.0164395367051604e-20,,,,,,,0.0007930228978757844,0.0024147661299589542,0.0007930228978757842,0.0016786133830669517,0.002414766129958954,0.9331999999999998,0.7853743444365697,0.001996007984031936,True,True,True,0.07156874687662977,False,True
